id,city,category,question_type,n_options,raw_mae_pp,calibrated_mae_pp,source_url,question,options,ground_truth,raw_prediction,calibrated_prediction,calibration_method,cv_fold
col_dewine_approval_2025,columbus,political_approval,approval,3,8.03,14.079,,Do you approve or disapprove of Governor Mike DeWine's job performance?,"[""Approve"", ""Disapprove"", ""Undecided""]","[0.26, 0.45, 0.29]","[0.3804, 0.336, 0.2836]","[0.471191, 0.415142, 0.113666]",5fold_oof_dirichlet_odir_v1.0.0,2
col_dewine_approval_2024,columbus,political_approval,approval,3,4.85,4.014,,Do you approve or disapprove of Governor Mike DeWine's job performance?,"[""Approve"", ""Disapprove"", ""Undecided""]","[0.41, 0.37, 0.22]","[0.3836, 0.3235, 0.2928]","[0.452703, 0.387508, 0.159789]",5fold_oof_dirichlet_odir_v1.0.0,1
col_trump_approval_2025,columbus,political_approval,approval,3,12.63,8.402,,Do you approve or disapprove of President Donald Trump's job performance?,"[""Approve"", ""Disapprove"", ""Undecided""]","[0.46, 0.48, 0.06]","[0.3123, 0.4382, 0.2495]","[0.354181, 0.606033, 0.039786]",5fold_oof_dirichlet_odir_v1.0.0,4
col_brown_approval_2024,columbus,political_approval,approval,3,6.24,6.871,,Do you approve or disapprove of Senator Sherrod Brown's job performance?,"[""Approve"", ""Disapprove"", ""Undecided""]","[0.47, 0.32, 0.21]","[0.3764, 0.3461, 0.2775]","[0.460417, 0.423071, 0.116512]",5fold_oof_dirichlet_odir_v1.0.0,3
quinnipiac_warnock_approval_2023,atlanta,political_approval,job approval,3,9.87,3.162,,Do you approve or disapprove of Senator Raphael Warnock's job performance?,"[""Approve"", ""Disapprove"", ""No opinion""]","[0.49, 0.39, 0.12]","[0.394, 0.338, 0.268]","[0.457026, 0.437434, 0.10554]",5fold_oof_dirichlet_odir_v1.0.0,4
quinnipiac_ossoff_approval_2023,atlanta,political_approval,job approval,3,6.3,3.780,,Do you approve or disapprove of Senator Jon Ossoff's job performance?,"[""Approve"", ""Disapprove"", ""No opinion""]","[0.42, 0.39, 0.19]","[0.3962, 0.3194, 0.2844]","[0.474221, 0.392483, 0.133296]",5fold_oof_dirichlet_odir_v1.0.0,0
emerson_ossoff_2026_election,atlanta,political_approval,election matchup,3,11.98,2.659,,"If the election were held today, who would you vote for in the Senate race between Jon Ossoff and Buddy Carter?","[""Jon Ossoff"", ""Buddy Carter"", ""Undecided""]","[0.47, 0.44, 0.09]","[0.4152, 0.3151, 0.2697]","[0.491975, 0.400118, 0.107907]",5fold_oof_dirichlet_odir_v1.0.0,0
ajc_immigration_jan2025,atlanta,policy,policy,3,9.23,4.195,https://www.ajc.com/news/georgia-news/ajc-poll-most-georgia-voters-reject-mass-deportations/,"Should unauthorized immigrants be able to stay in the country legally if certain requirements are met, or should the government round up and deport most unauthorized immigrants?","[""Allow to stay with requirements"", ""Round up and deport"", ""Not sure""]","[0.57, 0.37, 0.06]","[0.4334, 0.368, 0.1985]","[0.553614, 0.43292, 0.013466]",5fold_oof_dirichlet_odir_v1.0.0,2
columbus_crisis_response_amendment_2026,columbus,civic_legal,civic,3,15.55,8.836,https://www.acluohio.org/press-releases/breaking-columbus-safety-collective-campaign-and-columbus-elected-officials-reach-historic-agreement-placing-unified-crisis-response-proposal-on-may-ballot/,"Would you vote yes on a Community Crisis Response Amendment that would create a community crisis response system fully integrated into the City's 911 response system, enabling non-police community crisis response workers including trained social workers, behavioral health professionals, peer supporters, and EMTs to respond to certain mental health and substance abuse emergencies instead of police officers?","[""Yes"", ""No"", ""Undecided/No Opinion""]","[0.68, 0.32, 0.0]","[0.4704, 0.2963, 0.2333]","[0.599566, 0.26789, 0.132543]",5fold_oof_dirichlet_odir_v1.0.0,4
columbus_housing_density_survey_2024,columbus,civic_legal,civic,3,20.07,7.371,https://columbusunderground.com/new-survey-shows-broad-support-for-denser-housing-in-all-types-of-neighborhoods-bw1/,Do you support building new housing including duplexes and townhome developments in existing neighborhoods to address housing supply needs?,"[""Support"", ""Oppose"", ""Neutral/Unsure""]","[0.78, 0.15, 0.07]","[0.479, 0.2606, 0.2605]","[0.671744, 0.14769, 0.180566]",5fold_oof_dirichlet_odir_v1.0.0,0
dallas_police_reform_preferences_2021,dallas,civic_legal,civic,3,3.49,13.985,https://www.cambridge.org/core/journals/journal-of-experimental-political-science/article/police-shooting-statistics-and-public-support-for-police-reforms/FC2F0F209FAC53F19B0A284C00FCEEDE,Do you support reducing qualified immunity protections for police officers?,"[""Support"", ""Oppose"", ""Unsure""]","[0.45, 0.35, 0.2]","[0.4402, 0.3074, 0.2524]","[0.659777, 0.294286, 0.045937]",5fold_oof_dirichlet_odir_v1.0.0,3
acsi_full_service_restaurant_2025,columbus,brand,brand_national,3,4.68,5.817,,Rate your satisfaction with these full-service restaurants (100-point scale),"[""Texas Roadhouse"", ""LongHorn Steakhouse"", ""Other full-service chains""]","[0.3373, 0.3333, 0.3293]","[0.3796, 0.2631, 0.3573]","[0.329218, 0.420612, 0.250169]",5fold_oof_dirichlet_odir_v1.0.0,1
jd_power_premium_suv_loyalty_2024,dallas,brand,brand_national,3,9.57,6.901,,Which premium SUV brand did you choose when trading in or purchasing your next vehicle?,"[""Lexus"", ""BMW"", ""Other Premium SUV Brands""]","[0.4013, 0.372, 0.2267]","[0.3466, 0.2831, 0.3703]","[0.297784, 0.412815, 0.2894]",5fold_oof_dirichlet_odir_v1.0.0,4
jd_power_mass_market_car_loyalty_2024,dallas,brand,brand_national,3,8.8,2.474,,Which mass market car brand did you choose when trading in or purchasing your next vehicle?,"[""Toyota"", ""Honda"", ""Other Mass Market Car Brands""]","[0.4167, 0.392, 0.1913]","[0.4435, 0.26, 0.2965]","[0.438207, 0.354885, 0.206908]",5fold_oof_dirichlet_odir_v1.0.0,2
jd_power_truck_loyalty_2024,dallas,brand,brand_national,3,9.63,2.295,,Which truck brand did you choose when trading in or purchasing your next vehicle?,"[""Ford"", ""Toyota"", ""Other Truck Brands""]","[0.434, 0.4053, 0.1607]","[0.4402, 0.2608, 0.299]","[0.412346, 0.392528, 0.195126]",5fold_oof_dirichlet_odir_v1.0.0,4
us_mayors_economic_trends_housing_2025,columbus,directional,directional,3,16.02,19.730,,Are current economic trends worsening housing affordability in your community?,"[""Yes"", ""No"", ""Unsure""]","[0.67, 0.33, 0.0]","[0.5061, 0.2537, 0.2402]","[0.374048, 0.612985, 0.012968]",5fold_oof_dirichlet_odir_v1.0.0,4
ga_pres_2020_polls,atlanta,electoral,electoral,3,15.73,8.759,,"If the 2020 Presidential Election were held today, who would you vote for?","[""Joe Biden"", ""Donald Trump"", ""Other/Undecided""]","[0.476, 0.472, 0.052]","[0.3882, 0.3237, 0.288]","[0.607392, 0.356966, 0.035642]",5fold_oof_dirichlet_odir_v1.0.0,1
ga_senate_ossoff_2021_polls,atlanta,electoral,electoral,3,13.63,9.462,,"If the Georgia Senate Runoff Election were held today, who would you vote for?","[""Jon Ossoff"", ""David Perdue"", ""Other/Undecided""]","[0.474, 0.463, 0.063]","[0.4003, 0.3323, 0.2674]","[0.615928, 0.356269, 0.027803]",5fold_oof_dirichlet_odir_v1.0.0,0
ga_pres_2024_polls,atlanta,electoral,electoral,3,20.79,20.087,,"If the 2024 Presidential Election were held today, who would you vote for?","[""Donald Trump"", ""Kamala Harris"", ""Other/Undecided""]","[0.4885, 0.489, 0.0225]","[0.3174, 0.3483, 0.3343]","[0.771115, 0.187702, 0.041183]",5fold_oof_dirichlet_odir_v1.0.0,2
atlanta_mayor_2021_polls,atlanta,electoral,electoral,3,15.83,32.186,,"If the Atlanta Mayoral Runoff Election were held today, who would you vote for?","[""Andre Dickens"", ""Felicia Moore"", ""Undecided""]","[0.4, 0.46, 0.14]","[0.3271, 0.2955, 0.3774]","[0.882787, 0.077858, 0.039354]",5fold_oof_dirichlet_odir_v1.0.0,2
ga_senate_warnock_2022_polls,atlanta,electoral,electoral,3,14.09,7.727,,"If the Georgia Senate Election were held today, who would you vote for?","[""Raphael Warnock"", ""Herschel Walker"", ""Other/Undecided""]","[0.474, 0.483, 0.043]","[0.3962, 0.3496, 0.2543]","[0.589903, 0.388799, 0.021298]",5fold_oof_dirichlet_odir_v1.0.0,4
oh_pres_2024_polls,columbus,electoral,electoral,3,16.95,8.698,,"If the 2024 presidential election were held today, who would you vote for?","[""Donald Trump"", ""Kamala Harris"", ""Other/Undecided""]","[0.52, 0.443, 0.037]","[0.3165, 0.3922, 0.2913]","[0.389535, 0.563178, 0.047288]",5fold_oof_dirichlet_odir_v1.0.0,1
bgsu_ohio_economy_oct2025,columbus,policy,policy,3,9.59,8.853,,"Compared to a year ago, do you think the economy has gotten better, gotten worse, or stayed about the same?","[""Gotten better"", ""Gotten worse"", ""Stayed about the same""]","[0.28, 0.55, 0.17]","[0.2624, 0.4237, 0.3139]","[0.40648, 0.556309, 0.037211]",5fold_oof_dirichlet_odir_v1.0.0,2
hart_research_ohio_housing_government_aug2024,columbus,policy,policy,3,20.64,5.816,,Do you support or oppose government action to address the housing affordability crisis?,"[""Support"", ""Oppose"", ""Not sure""]","[0.8, 0.15, 0.05]","[0.4904, 0.2607, 0.2489]","[0.742371, 0.23724, 0.020389]",5fold_oof_dirichlet_odir_v1.0.0,0
hart_research_ohio_housing_rent_protection_aug2024,columbus,policy,policy,3,30.46,15.109,,"Do you support or oppose policies that protect renters from excessive rent increases, unfair evictions, harassment, and discrimination by landlords?","[""Support"", ""Oppose"", ""Not sure""]","[0.92, 0.05, 0.03]","[0.4632, 0.284, 0.2529]","[0.702924, 0.276638, 0.020438]",5fold_oof_dirichlet_odir_v1.0.0,1
hart_research_ohio_housing_emergency_assistance_aug2024,columbus,policy,policy,3,26.79,11.023,,Do you support or oppose policies providing emergency assistance to help cover rent if low-income households face unexpected hardship such as job loss or medical emergency?,"[""Support"", ""Oppose"", ""Not sure""]","[0.89, 0.07, 0.04]","[0.4881, 0.2635, 0.2484]","[0.736942, 0.235348, 0.02771]",5fold_oof_dirichlet_odir_v1.0.0,4
hart_research_ohio_housing_affordable_construction_aug2024,columbus,policy,policy,3,25.57,9.886,,Do you support or oppose policies that expand investments to build more rental homes affordable for lowest-income people?,"[""Support"", ""Oppose"", ""Not sure""]","[0.84, 0.11, 0.05]","[0.4564, 0.2801, 0.2634]","[0.715836, 0.258288, 0.025877]",5fold_oof_dirichlet_odir_v1.0.0,3
hart_research_ohio_housing_rental_assistance_aug2024,columbus,policy,policy,3,24.86,9.182,,Do you support or oppose policies that expand rental assistance to help households with the lowest incomes afford housing?,"[""Support"", ""Oppose"", ""Not sure""]","[0.84, 0.11, 0.05]","[0.4671, 0.2655, 0.2673]","[0.728703, 0.247734, 0.023563]",5fold_oof_dirichlet_odir_v1.0.0,1
tx_abortion_health_emergency_2024,dallas,policy,policy,3,25.36,12.949,https://texaspolitics.utexas.edu/blog/texas-views-abortion-economy-and-guns-february-2024-uttexas-politics-project-poll,Should a woman have access to a legal abortion if the woman's health is seriously endangered?,"[""Yes, should have access"", ""No, should not have access"", ""Don't know""]","[0.85, 0.1, 0.05]","[0.4696, 0.2966, 0.2338]","[0.689236, 0.29423, 0.016534]",5fold_oof_dirichlet_odir_v1.0.0,1
emerson_ossoff_carter_matchup_2026,atlanta,political_approval,approval,3,11.62,0.755,,"If the 2026 Senate election were held today, would you vote for Democrat Jon Ossoff or Republican Buddy Carter?","[""Jon Ossoff"", ""Buddy Carter"", ""Undecided""]","[0.47, 0.44, 0.09]","[0.3958, 0.34, 0.2642]","[0.458682, 0.444218, 0.0971]",5fold_oof_dirichlet_odir_v1.0.0,4
emerson_ossoff_collins_matchup_2026,atlanta,political_approval,approval,3,11.8,0.906,,"If the 2026 Senate election were held today, would you vote for Democrat Jon Ossoff or Republican Mike Collins?","[""Jon Ossoff"", ""Mike Collins"", ""Undecided""]","[0.48, 0.43, 0.09]","[0.3998, 0.3332, 0.2671]","[0.478952, 0.417466, 0.103583]",5fold_oof_dirichlet_odir_v1.0.0,3
emerson_ossoff_dooley_matchup_2026,atlanta,political_approval,approval,3,11.15,0.550,,"If the 2026 Senate election were held today, would you vote for Democrat Jon Ossoff or Republican Derek Dooley?","[""Jon Ossoff"", ""Derek Dooley"", ""Undecided""]","[0.49, 0.41, 0.1]","[0.4003, 0.3324, 0.2673]","[0.486358, 0.418255, 0.095387]",5fold_oof_dirichlet_odir_v1.0.0,1
club_for_growth_ossoff_kemp_matchup_2026,atlanta,political_approval,approval,3,8.24,4.979,,"If the 2026 Senate election were held today, would you vote for Democrat Jon Ossoff or Republican Brian Kemp?","[""Jon Ossoff"", ""Brian Kemp"", ""Undecided""]","[0.4, 0.46, 0.14]","[0.3869, 0.3494, 0.2636]","[0.47468, 0.436077, 0.089243]",5fold_oof_dirichlet_odir_v1.0.0,3
atlanta_council_president_election_2025,atlanta,political_approval,approval,3,23.03,25.248,,Who do you vote for in the 2025 Atlanta City Council President election?,"[""Marci Collier Overstreet"", ""Rohit Malhotra"", ""Other""]","[0.54, 0.4565, 0.0035]","[0.3507, 0.3003, 0.3489]","[0.336837, 0.280939, 0.382224]",5fold_oof_dirichlet_odir_v1.0.0,1
metro_atlanta_speaks_biggest_problem_2025,atlanta,political_approval,approval,3,11.54,21.085,,What do you think is the biggest problem facing the metro Atlanta region?,"[""Housing affordability"", ""Traffic"", ""Other issues""]","[0.28, 0.24, 0.48]","[0.3151, 0.378, 0.307]","[0.406727, 0.42954, 0.163732]",5fold_oof_dirichlet_odir_v1.0.0,3
metro_atlanta_speaks_future_outlook_2025,atlanta,political_approval,approval,3,7.66,13.203,,"Do you believe living conditions in metro Atlanta will improve, worsen, or stay the same over the next 3-4 years?","[""Improve"", ""Stay the same"", ""Worsen""]","[0.27, 0.27, 0.46]","[0.3031, 0.3519, 0.3451]","[0.379278, 0.35876, 0.261962]",5fold_oof_dirichlet_odir_v1.0.0,0
metro_atlanta_speaks_moving_intention_2025,atlanta,political_approval,approval,3,15.27,6.945,,"If given the opportunity, would you move away from Metro Atlanta?","[""Yes"", ""No"", ""Unsure""]","[0.34, 0.66, 0.0]","[0.3152, 0.4557, 0.2291]","[0.420937, 0.555829, 0.023234]",5fold_oof_dirichlet_odir_v1.0.0,1
metro_atlanta_speaks_job_prospects_2025,atlanta,political_approval,approval,3,21.16,13.801,,Is it currently a good or bad time to find a well-paying job in metro Atlanta?,"[""Good time"", ""Bad time"", ""Unsure""]","[0.47, 0.53, 0.0]","[0.3243, 0.3583, 0.3174]","[0.375382, 0.417608, 0.207011]",5fold_oof_dirichlet_odir_v1.0.0,4
emerson_dewine_approval_dec_2025,columbus,political_approval,approval,3,8.86,13.031,https://emersoncollegepolling.com/ohio-2026-poll-democrats-make-gains-in-races-for-governor-and-us-senate/,Do you approve or disapprove of the job Mike DeWine is doing as Governor?,"[""Approve"", ""Disapprove"", ""Unsure/No opinion""]","[0.26, 0.45, 0.29]","[0.3898, 0.3171, 0.293]","[0.455472, 0.379306, 0.165222]",5fold_oof_dirichlet_odir_v1.0.0,1
emerson_dewine_approval_aug_2025,columbus,political_approval,approval,3,4.41,8.312,,Do you approve or disapprove of the job Mike DeWine is doing as Governor?,"[""Approve"", ""Disapprove"", ""Unsure/No opinion""]","[0.35, 0.4, 0.25]","[0.3771, 0.3339, 0.289]","[0.46867, 0.406016, 0.125314]",5fold_oof_dirichlet_odir_v1.0.0,2
emerson_fox8_dewine_approval_2024,columbus,political_approval,approval,3,5.51,3.236,,Do you approve or disapprove of the job Mike DeWine is doing as Governor?,"[""Approve"", ""Disapprove"", ""Unsure/No opinion""]","[0.41, 0.37, 0.22]","[0.3756, 0.3218, 0.3026]","[0.450519, 0.378014, 0.171467]",5fold_oof_dirichlet_odir_v1.0.0,0
marist_ohio_governor_race_sept_2022,columbus,political_approval,approval,3,15.17,7.692,,"If the election for Governor were held today, whom would you support?","[""Mike DeWine (R)"", ""Nan Whaley (D)"", ""Undecided/Other""]","[0.55, 0.37, 0.08]","[0.3225, 0.3814, 0.2961]","[0.434621, 0.438641, 0.126738]",5fold_oof_dirichlet_odir_v1.0.0,0
marist_ohio_governor_race_likely_voters_sept_2022,columbus,political_approval,approval,3,15.74,8.642,,"If the election for Governor were held today, whom would you support?","[""Mike DeWine (R)"", ""Nan Whaley (D)"", ""Undecided/Other""]","[0.55, 0.39, 0.06]","[0.3225, 0.3814, 0.296]","[0.420377, 0.44384, 0.135783]",5fold_oof_dirichlet_odir_v1.0.0,3
marietta_times_brown_husted_senate_mar_2026,columbus,political_approval,approval,3,15.56,11.196,,"If the election for U.S. Senate were held today, whom would you support?","[""Sherrod Brown (D)"", ""Jon Husted (R)"", ""Undecided""]","[0.47, 0.45, 0.08]","[0.3711, 0.3155, 0.3134]","[0.408548, 0.343506, 0.247946]",5fold_oof_dirichlet_odir_v1.0.0,4
emerson_brown_husted_senate_dec_2025,columbus,political_approval,approval,3,16.88,5.418,,"If the election for U.S. Senate were held today, whom would you support?","[""Jon Husted (R)"", ""Sherrod Brown (D)"", ""Undecided""]","[0.49, 0.46, 0.05]","[0.2778, 0.419, 0.3032]","[0.408724, 0.464592, 0.126684]",5fold_oof_dirichlet_odir_v1.0.0,0
marist_brown_moreno_senate_june_2024,columbus,political_approval,approval,3,17.19,12.275,,"If the election for U.S. Senate were held today, whom would you support?","[""Sherrod Brown (D)"", ""Bernie Moreno (R)"", ""Undecided/Other""]","[0.5, 0.45, 0.05]","[0.3905, 0.3017, 0.3078]","[0.424205, 0.341678, 0.234118]",5fold_oof_dirichlet_odir_v1.0.0,3
emerson_fox8_brown_favorability_2024,columbus,political_approval,approval,3,5.81,8.058,,Do you have a favorable or unfavorable view of Sherrod Brown?,"[""Favorable"", ""Unfavorable"", ""No opinion/Unfamiliar""]","[0.47, 0.32, 0.21]","[0.3828, 0.3432, 0.274]","[0.445294, 0.440873, 0.113834]",5fold_oof_dirichlet_odir_v1.0.0,4
emerson_fox8_larose_favorability_2024,columbus,political_approval,approval,3,2.26,4.983,,Do you have a favorable or unfavorable view of Frank LaRose?,"[""Favorable"", ""Unfavorable"", ""No opinion/Unfamiliar""]","[0.32, 0.29, 0.39]","[0.3216, 0.3223, 0.3561]","[0.382831, 0.301921, 0.315248]",5fold_oof_dirichlet_odir_v1.0.0,2
emerson_fox8_dolan_favorability_2024,columbus,political_approval,approval,3,6.32,6.533,,Do you have a favorable or unfavorable view of Matt Dolan?,"[""Favorable"", ""Unfavorable"", ""No opinion/Unfamiliar""]","[0.32, 0.21, 0.47]","[0.2997, 0.3048, 0.3955]","[0.235547, 0.196464, 0.56799]",5fold_oof_dirichlet_odir_v1.0.0,4
emerson_fox8_moreno_favorability_2024,columbus,political_approval,approval,3,9.52,8.916,,Do you have a favorable or unfavorable view of Bernie Moreno?,"[""Favorable"", ""Unfavorable"", ""No opinion/Unfamiliar""]","[0.25, 0.24, 0.51]","[0.2777, 0.3551, 0.3672]","[0.290891, 0.33285, 0.376258]",5fold_oof_dirichlet_odir_v1.0.0,4
emerson_trump_approval_dec_2025,columbus,political_approval,approval,3,13.4,4.830,,Do you approve or disapprove of the job Donald Trump is doing as President?,"[""Approve"", ""Disapprove"", ""Unsure/No opinion""]","[0.46, 0.48, 0.06]","[0.3308, 0.4082, 0.261]","[0.393925, 0.552452, 0.053623]",5fold_oof_dirichlet_odir_v1.0.0,2
emerson_trump_approval_aug_2025,columbus,political_approval,approval,3,11.47,6.065,,Do you approve or disapprove of the job Donald Trump is doing as President?,"[""Approve"", ""Disapprove"", ""Unsure/No opinion""]","[0.49, 0.42, 0.09]","[0.3233, 0.4146, 0.2621]","[0.42997, 0.510971, 0.05906]",5fold_oof_dirichlet_odir_v1.0.0,1
sna_visit_frequency_suburban_2023,columbus,brand,behavioral,3,15.18,19.273,https://shortnorth.org/wp-content/uploads/2024/02/Media-Deck-SNA-Market-and-Consumer-Study-Final.pdf,"Compared to a few years ago, are you more likely or less likely to visit the Short North Arts District?","[""More likely to visit"", ""About the same"", ""Less likely to visit""]","[0.15, 0.21, 0.64]","[0.2458, 0.3419, 0.4123]","[0.240993, 0.408097, 0.350909]",5fold_oof_dirichlet_odir_v1.0.0,4
sna_dining_out_frequency_2023,columbus,brand,behavioral,3,2.5,20.165,https://shortnorth.org/wp-content/uploads/2024/02/Media-Deck-SNA-Market-and-Consumer-Study-Final.pdf,"Compared to before the pandemic, do you dine out and go out more often, about the same, or less often?","[""More often"", ""About the same"", ""Less often""]","[0.2, 0.4, 0.4]","[0.1899, 0.3726, 0.4375]","[0.15945, 0.138078, 0.702472]",5fold_oof_dirichlet_odir_v1.0.0,3
sna_local_business_perception_2023,columbus,brand,agreement,3,21.64,6.229,https://shortnorth.org/wp-content/uploads/2024/02/Media-Deck-SNA-Market-and-Consumer-Study-Final.pdf,"Do you believe that a majority of the businesses in the Short North Arts District are locally owned and operated, or do you think most are chains or franchises?","[""Mostly locally owned"", ""A mix of both"", ""Mostly chains or franchises""]","[0.6, 0.3, 0.1]","[0.2754, 0.494, 0.2305]","[0.506569, 0.392452, 0.100979]",5fold_oof_dirichlet_odir_v1.0.0,2
sna_economic_impact_awareness_2023,columbus,brand,knowledge,3,11.07,4.202,https://shortnorth.org/wp-content/uploads/2024/02/Media-Deck-SNA-Market-and-Consumer-Study-Final.pdf,The Short North Arts District generates significant economic activity for the Columbus region. How would you describe its economic impact?,"[""Major economic driver for Columbus"", ""Moderate contributor"", ""Minor or negligible impact""]","[0.55, 0.35, 0.1]","[0.3839, 0.3877, 0.2284]","[0.613033, 0.298279, 0.088688]",5fold_oof_dirichlet_odir_v1.0.0,1
atlanta_journal_constitution_trump_approval_2025,atlanta,political_approval,policy approval,4,15.35,15.352,,Do you approve or disapprove of President Trump's actions during his initial 100 days in office?,"[""Strongly approve"", ""Somewhat approve"", ""Somewhat disapprove"", ""Strongly disapprove""]","[0.0526, 0.1053, 0.2632, 0.5789]","[0.236, 0.2289, 0.2113, 0.3237]","[0.236, 0.2289, 0.2113, 0.3237]",5fold_oof_dirichlet_odir_v1.0.0,1
yougov_grocery_store_ratings_2025,dallas,brand,popularity,4,7.94,7.940,,What is the familiarity and popularity of major grocery retailers?,"[""Aldi"", ""Trader Joe's"", ""7-Eleven"", ""Kroger""]","[0.2642, 0.252, 0.248, 0.2358]","[0.2044, 0.1882, 0.2128, 0.3946]","[0.2044, 0.1882, 0.2128, 0.3946]",5fold_oof_dirichlet_odir_v1.0.0,1
gallup_healthcare_concern_2026,columbus,policy,multiple_choice,4,10.53,3.426,,How much do you worry about accessing and affording healthcare?,"[""Great deal"", ""Fair amount"", ""Not much"", ""Not at all""]","[0.61, 0.23, 0.12, 0.04]","[0.3994, 0.317, 0.1677, 0.1159]","[0.587692, 0.298529, 0.097301, 0.016478]",5fold_oof_dirichlet_odir_v1.0.0,3
tx_abortion_stringency_2024,dallas,policy,policy,4,7.72,8.908,https://texaspolitics.utexas.edu/blog/texas-views-abortion-economy-and-guns-february-2024-uttexas-politics-project-poll,"Do you think abortion laws in Texas should be made more strict, less strict, or left as they are now?","[""More strict"", ""Left as they are now"", ""Less strict"", ""Don't know/Not sure""]","[0.27, 0.21, 0.45, 0.07]","[0.2506, 0.2679, 0.315, 0.1665]","[0.375331, 0.282834, 0.303996, 0.037839]",5fold_oof_dirichlet_odir_v1.0.0,1
city_dallas_quality_of_life_2025,dallas,directional,rating,4,6.65,1.840,,How would you rate the quality of life in Dallas?,"[""Excellent"", ""Good"", ""Fair"", ""Poor""]","[0.15, 0.48, 0.31, 0.06]","[0.1781, 0.3818, 0.2752, 0.1648]","[0.176952, 0.4432, 0.310156, 0.069691]",5fold_oof_dirichlet_odir_v1.0.0,4
city_dallas_quality_of_life_2024,dallas,directional,rating,4,7.14,2.664,,How would you rate the quality of life in Dallas?,"[""Excellent"", ""Good"", ""Fair"", ""Poor""]","[0.1188, 0.4554, 0.3564, 0.0693]","[0.1759, 0.3939, 0.2751, 0.1551]","[0.164004, 0.463536, 0.314013, 0.058448]",5fold_oof_dirichlet_odir_v1.0.0,0
city_dallas_quality_of_life_2023,dallas,directional,rating,4,7.18,6.631,,How would you rate the quality of life in Dallas?,"[""Excellent"", ""Good"", ""Fair"", ""Poor""]","[0.11, 0.44, 0.37, 0.08]","[0.1759, 0.3899, 0.2765, 0.1578]","[0.219399, 0.463214, 0.260543, 0.056843]",5fold_oof_dirichlet_odir_v1.0.0,2
city_dallas_workplace_perception_2025,dallas,directional,rating,4,13.23,10.731,,How would you rate Dallas as a place to work?,"[""Excellent"", ""Good"", ""Fair"", ""Poor""]","[0.36, 0.45, 0.15, 0.04]","[0.1857, 0.3598, 0.2732, 0.1813]","[0.171943, 0.423432, 0.309142, 0.095483]",5fold_oof_dirichlet_odir_v1.0.0,1
city_dallas_police_visibility_2025,dallas,directional,rating,4,11.31,12.313,,How would you rate the visibility of police in neighborhoods?,"[""Excellent"", ""Good"", ""Fair"", ""Poor""]","[0.05, 0.22, 0.46, 0.27]","[0.1876, 0.3087, 0.3019, 0.2018]","[0.19443, 0.321837, 0.348964, 0.134768]",5fold_oof_dirichlet_odir_v1.0.0,3
city_dallas_major_problems_2025,dallas,directional,multiple_choice,4,5.69,6.707,,What do you consider to be major problems in Dallas?,"[""Homelessness"", ""Infrastructure and streets"", ""Crime"", ""Drugs""]","[0.3234, 0.2438, 0.2239, 0.209]","[0.2463, 0.2711, 0.3104, 0.1722]","[0.364651, 0.279217, 0.281328, 0.074804]",5fold_oof_dirichlet_odir_v1.0.0,0
dallas_community_satisfaction_2024,dallas,civic_legal,civic,4,13.4,12.322,https://dallascityhall.com/government/citymanager/Documents/Council%20Materials/Community%20Survey.pdf,How would you rate your neighborhood as a place to live?,"[""Excellent"", ""Good"", ""Fair"", ""Poor""]","[0.42, 0.24, 0.26, 0.08]","[0.1519, 0.3585, 0.3055, 0.184]","[0.234762, 0.472203, 0.274236, 0.018799]",5fold_oof_dirichlet_odir_v1.0.0,1
ipsos_qsr_digital_ordering_2024,dallas,brand,brand_national,4,7.89,7.892,,Which quick-service restaurant has the best overall digital ordering experience?,"[""Panda Express"", ""Chick-fil-A (app capabilities)"", ""Whataburger (order experience)"", ""Other QSR Brands""]","[0.32, 0.28, 0.25, 0.15]","[0.181, 0.3725, 0.2311, 0.2153]","[0.181, 0.3725, 0.2311, 0.2153]",5fold_oof_dirichlet_odir_v1.0.0,3
ohio_small_business_health_2025,columbus,directional,directional,4,14.8,20.699,,How would you rate your business health?,"[""Excellent"", ""Good"", ""Fair"", ""Poor""]","[0.14, 0.57, 0.26, 0.03]","[0.1482, 0.274, 0.32, 0.2578]","[0.087767, 0.208252, 0.432258, 0.271724]",5fold_oof_dirichlet_odir_v1.0.0,3
us_mayors_resident_housing_satisfaction_2025,columbus,directional,directional,4,14.48,28.944,,How satisfied are your residents with housing affordability?,"[""Very satisfied"", ""Satisfied"", ""Dissatisfied"", ""Very dissatisfied""]","[0.0, 0.029, 0.471, 0.5]","[0.1312, 0.1874, 0.3599, 0.3215]","[0.115522, 0.49235, 0.280623, 0.111505]",5fold_oof_dirichlet_odir_v1.0.0,2
city_dallas_community_survey_2025,dallas,directional,directional,4,6.65,1.816,,How would you rate the quality of life in Dallas?,"[""Excellent"", ""Good"", ""Fair"", ""Poor""]","[0.15, 0.48, 0.31, 0.06]","[0.1781, 0.3819, 0.2751, 0.1648]","[0.1799, 0.443857, 0.309829, 0.066413]",5fold_oof_dirichlet_odir_v1.0.0,3
city_dallas_community_survey_2024,dallas,directional,directional,4,6.65,5.468,,How would you rate the quality of life in Dallas?,"[""Excellent"", ""Good"", ""Fair"", ""Poor""]","[0.1287, 0.4455, 0.3564, 0.0693]","[0.1758, 0.3939, 0.2751, 0.1552]","[0.220501, 0.463109, 0.260493, 0.055897]",5fold_oof_dirichlet_odir_v1.0.0,2
city_dallas_community_survey_2023,dallas,directional,directional,4,6.68,6.630,,How would you rate the quality of life in Dallas?,"[""Excellent"", ""Good"", ""Fair"", ""Poor""]","[0.12, 0.43, 0.37, 0.08]","[0.1759, 0.3898, 0.2765, 0.1578]","[0.219433, 0.463166, 0.260554, 0.056848]",5fold_oof_dirichlet_odir_v1.0.0,2
city_dallas_community_survey_2020,dallas,directional,directional,4,6.14,3.838,,How would you rate the quality of life in Dallas?,"[""Excellent"", ""Good"", ""Fair"", ""Poor""]","[0.17, 0.5, 0.28, 0.05]","[0.1838, 0.384, 0.2732, 0.1589]","[0.238734, 0.446743, 0.256495, 0.058028]",5fold_oof_dirichlet_odir_v1.0.0,2
city_dallas_workplace_rating_2025,dallas,directional,directional,4,13.23,9.401,,How would you rate Dallas as a place to work?,"[""Excellent"", ""Good"", ""Fair"", ""Poor""]","[0.36, 0.45, 0.15, 0.04]","[0.1857, 0.3598, 0.2732, 0.1813]","[0.200021, 0.421952, 0.292864, 0.085163]",5fold_oof_dirichlet_odir_v1.0.0,3
city_dallas_workplace_rating_2024,dallas,directional,directional,4,10.71,8.730,,How would you rate Dallas as a place to work?,"[""Excellent"", ""Good"", ""Fair"", ""Poor""]","[0.33, 0.43, 0.19, 0.05]","[0.1826, 0.3631, 0.2766, 0.1777]","[0.162618, 0.422789, 0.321955, 0.092638]",5fold_oof_dirichlet_odir_v1.0.0,1
city_dallas_living_rating_2025,dallas,directional,directional,4,6.08,2.713,,How would you rate Dallas as a place to live?,"[""Excellent"", ""Good"", ""Fair"", ""Poor""]","[0.29, 0.42, 0.22, 0.07]","[0.212, 0.3764, 0.2442, 0.1674]","[0.28242, 0.474261, 0.189121, 0.054198]",5fold_oof_dirichlet_odir_v1.0.0,3
city_dallas_business_rating_2024,dallas,directional,directional,4,4.96,3.183,,How would you rate Dallas as a place to do business?,"[""Excellent"", ""Good"", ""Fair"", ""Poor""]","[0.2, 0.42, 0.3, 0.08]","[0.1846, 0.3604, 0.2758, 0.1792]","[0.233289, 0.450369, 0.250774, 0.065567]",5fold_oof_dirichlet_odir_v1.0.0,2
city_dallas_business_rating_2023,dallas,directional,directional,4,4.59,5.361,,How would you rate Dallas as a place to do business?,"[""Excellent"", ""Good"", ""Fair"", ""Poor""]","[0.17, 0.35, 0.37, 0.11]","[0.183, 0.3571, 0.2781, 0.1817]","[0.195648, 0.431572, 0.282114, 0.090665]",5fold_oof_dirichlet_odir_v1.0.0,4
city_dallas_safety_perceptions_2025,dallas,directional,directional,4,9.62,7.891,,How safe do you feel in restaurants and retail areas during the day?,"[""Very safe"", ""Safe"", ""Somewhat unsafe"", ""Very unsafe""]","[0.39, 0.39, 0.17, 0.05]","[0.1977, 0.4021, 0.2529, 0.1474]","[0.232177, 0.460975, 0.254369, 0.05248]",5fold_oof_dirichlet_odir_v1.0.0,0
city_dallas_fire_response_2025,dallas,directional,directional,4,10.81,3.054,,How would you rate the response time of the fire department to structure fires?,"[""Excellent"", ""Good"", ""Fair"", ""Poor""]","[0.35, 0.42, 0.18, 0.05]","[0.2173, 0.3365, 0.2498, 0.1963]","[0.315903, 0.393025, 0.217018, 0.074054]",5fold_oof_dirichlet_odir_v1.0.0,2
city_dallas_arts_culture_2025,dallas,directional,directional,4,12.79,10.761,,How would you rate the opportunities to attend arts and cultural events in Dallas?,"[""Excellent"", ""Good"", ""Fair"", ""Poor""]","[0.36, 0.43, 0.16, 0.05]","[0.1884, 0.3459, 0.2822, 0.1835]","[0.175294, 0.399481, 0.322578, 0.102647]",5fold_oof_dirichlet_odir_v1.0.0,1
hart_research_ohio_housing_aug2024,columbus,policy,policy,4,17.82,24.155,,"Compared to five years ago, do you think it is harder or easier to find stable, affordable housing?","[""Harder"", ""Easier"", ""About the same"", ""Not sure""]","[0.84, 0.05, 0.08, 0.03]","[0.4835, 0.1558, 0.1714, 0.1893]","[0.356891, 0.300055, 0.29632, 0.046734]",5fold_oof_dirichlet_odir_v1.0.0,2
gallup_healthcare_concerns_apr2026,columbus,policy,policy,4,10.66,7.827,,How much do you personally worry about the availability and affordability of healthcare?,"[""Great deal"", ""Fair amount"", ""Only a little"", ""Not at all""]","[0.61, 0.23, 0.11, 0.05]","[0.3968, 0.2996, 0.1746, 0.129]","[0.472956, 0.369641, 0.126892, 0.03051]",5fold_oof_dirichlet_odir_v1.0.0,4
texas_lyceum_immigration_impact_2025,dallas,policy,policy,4,5.66,5.575,,"Do you think immigration helps the United States more than it hurts, hurts more than it helps, or is it a little bit of both?","[""Helps more than hurts"", ""Hurts more than helps"", ""A little bit of both"", ""Don't know/No opinion""]","[0.32, 0.32, 0.3, 0.06]","[0.2821, 0.2446, 0.3425, 0.1308]","[0.337076, 0.220801, 0.394418, 0.047705]",5fold_oof_dirichlet_odir_v1.0.0,2
ajc_election_confidence_2025,atlanta,political_approval,approval,4,6.22,6.220,,How confident are you that the 2026 primary election will be conducted fairly and accurately?,"[""Very confident"", ""Somewhat confident"", ""Not so confident"", ""Not at all confident""]","[0.3, 0.33, 0.2, 0.17]","[0.1915, 0.3141, 0.2894, 0.205]","[0.1915, 0.3141, 0.2894, 0.205]",5fold_oof_dirichlet_odir_v1.0.0,3
dal_eric_johnson_approval_2023,dallas,political_approval,approval,5,13.24,5.127,https://content.govdelivery.com/attachments/TXDALLAS/2023/03/15/file_attachments/2437314/Garin%20Hart%20Yang%20survey%20memo.pdf,Do you approve or disapprove of the job Eric Johnson is doing as Mayor of Dallas?,"[""Strongly approve"", ""Somewhat approve"", ""Somewhat disapprove"", ""Strongly disapprove"", ""Not sure""]","[0.42, 0.35, 0.1, 0.07, 0.06]","[0.1485, 0.2904, 0.1695, 0.1449, 0.2467]","[0.358622, 0.300287, 0.110322, 0.052924, 0.177845]",5fold_oof_dirichlet_odir_v1.0.0,0
dal_city_council_approval_2023,dallas,political_approval,approval,5,7.11,3.357,https://content.govdelivery.com/attachments/TXDALLAS/2023/03/15/file_attachments/2437314/Garin%20Hart%20Yang%20survey%20memo.pdf,Do you approve or disapprove of the job the Dallas City Council is doing?,"[""Strongly approve"", ""Somewhat approve"", ""Somewhat disapprove"", ""Strongly disapprove"", ""Not sure""]","[0.3, 0.25, 0.2, 0.1, 0.15]","[0.13, 0.2422, 0.2152, 0.1898, 0.2227]","[0.264721, 0.244109, 0.181742, 0.183925, 0.125503]",5fold_oof_dirichlet_odir_v1.0.0,3
tx_greg_abbott_approval_2025_06,dallas,political_approval,approval,5,3.77,4.121,https://texaspolitics.utexas.edu/blog/june-2025-university-of-texas-texas-politics-project-poll-economic-concerns-drag-trump-s-job-approval-underwater-in-texas-while-most-texans-oppose-ban-on-thc-products-dividing-gop-leadership,Do you approve or disapprove of the job Greg Abbott is doing as Governor of Texas?,"[""Strongly approve"", ""Somewhat approve"", ""Somewhat disapprove"", ""Strongly disapprove"", ""Not sure""]","[0.23, 0.18, 0.25, 0.2, 0.14]","[0.2062, 0.237, 0.1909, 0.2373, 0.1286]","[0.190363, 0.139312, 0.2273, 0.274164, 0.168861]",5fold_oof_dirichlet_odir_v1.0.0,4
tx_dan_patrick_approval_2025_06,dallas,political_approval,approval,5,6.01,6.840,https://texaspolitics.utexas.edu/blog/june-2025-university-of-texas-texas-politics-project-poll-economic-concerns-drag-trump-s-job-approval-underwater-in-texas-while-most-texans-oppose-ban-on-thc-products-dividing-gop-leadership,Do you approve or disapprove of the job Dan Patrick is doing as Lieutenant Governor of Texas?,"[""Strongly approve"", ""Somewhat approve"", ""Somewhat disapprove"", ""Strongly disapprove"", ""Not sure""]","[0.17, 0.13, 0.23, 0.19, 0.28]","[0.1753, 0.2534, 0.1938, 0.2117, 0.1658]","[0.257887, 0.201582, 0.202491, 0.201524, 0.136516]",5fold_oof_dirichlet_odir_v1.0.0,4
tx_ken_paxton_approval_2025_06,dallas,political_approval,approval,5,7.48,6.796,https://texaspolitics.utexas.edu/blog/june-2025-university-of-texas-texas-politics-project-poll-economic-concerns-drag-trump-s-job-approval-underwater-in-texas-while-most-texans-oppose-ban-on-thc-products-dividing-gop-leadership,Do you approve or disapprove of the job Ken Paxton is doing as Attorney General of Texas?,"[""Strongly approve"", ""Somewhat approve"", ""Somewhat disapprove"", ""Strongly disapprove"", ""Not sure""]","[0.16, 0.13, 0.24, 0.19, 0.28]","[0.2017, 0.2375, 0.1848, 0.2277, 0.1482]","[0.238963, 0.199949, 0.21053, 0.210979, 0.13958]",5fold_oof_dirichlet_odir_v1.0.0,2
tx_ted_cruz_approval_2024_06,dallas,political_approval,approval,5,13.15,12.701,https://www.texastribune.org/2024/06/20/ted-cruz-colin-allred-ut-poll-dade-phelan/,Do you approve or disapprove of the job Ted Cruz is doing as U.S. Senator?,"[""Strongly approve"", ""Somewhat approve"", ""Somewhat disapprove"", ""Strongly disapprove"", ""Not sure""]","[0.13, 0.11, 0.17, 0.13, 0.46]","[0.2281, 0.2067, 0.1741, 0.26, 0.1311]","[0.192529, 0.106354, 0.208749, 0.346245, 0.146123]",5fold_oof_dirichlet_odir_v1.0.0,0
tx_trump_approval_2025_06,dallas,political_approval,approval,5,3.8,7.799,https://texaspolitics.utexas.edu/blog/june-2025-university-of-texas-texas-politics-project-poll-economic-concerns-drag-trump-s-job-approval-underwater-in-texas-while-most-texans-oppose-bang-on-thc-products-dividing-gop-leadership,How would you rate the job Donald Trump is doing as president?,"[""Strongly approve"", ""Somewhat approve"", ""Somewhat disapprove"", ""Strongly disapprove"", ""Not sure""]","[0.24, 0.2, 0.26, 0.25, 0.05]","[0.2286, 0.2014, 0.1764, 0.26, 0.1336]","[0.191798, 0.103653, 0.209563, 0.346747, 0.148238]",5fold_oof_dirichlet_odir_v1.0.0,0
tx_legislature_approval_2025_06,dallas,political_approval,approval,5,7.13,6.856,https://texaspolitics.utexas.edu/blog/june-2025-university-of-texas-texas-politics-project-poll-economic-concerns-drag-trump-s-job-approval-underwater-in-texas-while-most-texans-oppose-ban-on-thc-products-dividing-gop-leadership,Do you approve or disapprove of the job the Texas Legislature is doing?,"[""Strongly approve"", ""Somewhat approve"", ""Somewhat disapprove"", ""Strongly disapprove"", ""Not sure""]","[0.14, 0.12, 0.25, 0.2, 0.29]","[0.1707, 0.2557, 0.2156, 0.212, 0.146]","[0.248234, 0.183172, 0.239789, 0.19676, 0.132045]",5fold_oof_dirichlet_odir_v1.0.0,0
ghy_eric_johnson_approval_march_2023,dallas,political_approval,approval,5,13.39,7.765,https://content.govdelivery.com/attachments/TXDALLAS/2023/03/15/file_attachments/2437314/Garin%20Hart%20Yang%20survey%20memo.pdf,How would you rate the job Dallas Mayor Eric Johnson is doing? Do you approve or disapprove of the job he is doing as mayor?,"[""Strongly approve"", ""Somewhat approve"", ""Somewhat disapprove"", ""Strongly disapprove"", ""Not sure""]","[0.4235, 0.3465, 0.102, 0.069, 0.06]","[0.1436, 0.291, 0.1835, 0.1509, 0.2309]","[0.283955, 0.291419, 0.137658, 0.101443, 0.185525]",5fold_oof_dirichlet_odir_v1.0.0,1
yougov_grocery_brand_2025,columbus,brand,brand preference,5,14.41,15.135,,Which grocery store brand would you consider for your next shopping trip?,"[""Walmart"", ""Target"", ""Aldi"", ""Amazon"", ""Other""]","[0.4203, 0.2822, 0.2178, 0.0797, 0.0]","[0.1984, 0.1439, 0.3143, 0.1402, 0.2033]","[0.151294, 0.195729, 0.477803, 0.056797, 0.118376]",5fold_oof_dirichlet_odir_v1.0.0,1
acsi_restaurant_satisfaction_2024,columbus,brand,customer satisfaction,5,17.5,10.258,,How satisfied are you with major grocery stores?,"[""Very satisfied"", ""Somewhat satisfied"", ""Neutral"", ""Somewhat dissatisfied"", ""Very dissatisfied""]","[0.36, 0.43, 0.1, 0.07, 0.04]","[0.1383, 0.2141, 0.1625, 0.254, 0.231]","[0.296469, 0.237091, 0.224679, 0.12842, 0.113341]",5fold_oof_dirichlet_odir_v1.0.0,0
acsi_restaurant_satisfaction_2025,columbus,brand,customer satisfaction,5,17.15,11.334,,How satisfied are you with major grocery stores?,"[""Very satisfied"", ""Somewhat satisfied"", ""Neutral"", ""Somewhat dissatisfied"", ""Very dissatisfied""]","[0.36, 0.43, 0.1, 0.07, 0.04]","[0.1316, 0.2296, 0.1736, 0.2608, 0.2043]","[0.289882, 0.216766, 0.28617, 0.117827, 0.089355]",5fold_oof_dirichlet_odir_v1.0.0,3
axiosharris_atlanta_brands_2025,atlanta,brand,brand_national,5,6.18,5.292,https://www.axios.com/2025/05/20/axios-harris-poll-company-reputation-ranking,Which of these major companies do you have the most favorable reputation of?,"[""UPS"", ""Home Depot"", ""Delta Air Lines"", ""Coca-Cola"", ""Chick-fil-A""]","[0.25, 0.22, 0.18, 0.17, 0.18]","[0.1419, 0.1806, 0.173, 0.2162, 0.2883]","[0.307472, 0.273393, 0.201426, 0.111278, 0.106431]",5fold_oof_dirichlet_odir_v1.0.0,2
intouch_drivethrough_2025,atlanta,brand,brand_regional,5,6.53,8.747,https://www.intouchinsight.com/press-releases/drive-thru-study-2025-press-release,Which fast-food restaurant do you prefer for drive-thru experience based on overall satisfaction?,"[""Chick-fil-A"", ""Dutch Bros"", ""Arby's"", ""Taco Bell"", ""Raising Cane's""]","[0.27, 0.27, 0.21, 0.15, 0.1]","[0.398, 0.1694, 0.1508, 0.1467, 0.1352]","[0.41849, 0.214686, 0.090083, 0.220173, 0.056568]",5fold_oof_dirichlet_odir_v1.0.0,4
acsi_fastfood_chicfila_2025,atlanta,brand,brand_local,5,4.64,3.954,https://theacsi.org/industries/retail/supermarkets/,"Based on your recent experience, which fast-food chain provides the best customer satisfaction?","[""Chick-fil-A"", ""Starbucks"", ""Panda Express"", ""Chipotle"", ""McDonald's""]","[0.36, 0.22, 0.22, 0.14, 0.06]","[0.382, 0.1792, 0.148, 0.1369, 0.154]","[0.340302, 0.189433, 0.171408, 0.17495, 0.123908]",5fold_oof_dirichlet_odir_v1.0.0,3
dunnhumby_grocery_rpi_2026,atlanta,brand,brand_national,5,13.34,3.448,https://www.dunnhumby.com/about-us/news/ninth-annual-us-grocery-rankings/,Which grocery retailer would you most prefer to shop at based on overall customer perception and performance?,"[""H-E-B"", ""Market Basket"", ""Woodman's"", ""Costco"", ""Trader Joe's""]","[0.28, 0.24, 0.22, 0.16, 0.1]","[0.1261, 0.1464, 0.134, 0.3227, 0.2707]","[0.242299, 0.326204, 0.212302, 0.142574, 0.076622]",5fold_oof_dirichlet_odir_v1.0.0,4
instacart_hotsauce_georgia_2025,atlanta,brand,brand_local,5,10.87,6.486,https://www.wsbtv.com/news/spicy-insights/XLWCUMLAAU6L3P5C7L2R3SBCM4/,What is Georgia's preferred hot sauce brand by purchase volume on Instacart?,"[""Texas Pete"", ""Frank's RedHot"", ""Huy Fong Foods"", ""Taco Bell"", ""Cholula""]","[0.32, 0.28, 0.22, 0.12, 0.06]","[0.1664, 0.2076, 0.174, 0.1693, 0.2826]","[0.335542, 0.222977, 0.136412, 0.098464, 0.206605]",5fold_oof_dirichlet_odir_v1.0.0,1
morningconsult_trusted_brands_2025,atlanta,brand,brand_national,5,6.13,5.821,https://pro.morningconsult.com/analyst-reports/most-trusted-brands-2025,How much do you trust each brand to do what is right?,"[""Trader Joe's"", ""Toyota"", ""Costco"", ""Amazon"", ""Apple""]","[0.26, 0.23, 0.21, 0.18, 0.12]","[0.209, 0.1695, 0.1683, 0.2909, 0.1623]","[0.225569, 0.214318, 0.355525, 0.13573, 0.068858]",5fold_oof_dirichlet_odir_v1.0.0,3
yougov_atlanta_city_popularity_2025,atlanta,brand,brand_local,5,14.83,10.113,https://yougov.com/en-us/topics/place/Atlanta_GA,"What is your overall opinion of Atlanta, Georgia as a city?","[""Very Positive"", ""Somewhat Positive"", ""Neutral"", ""Somewhat Negative"", ""Very Negative""]","[0.32, 0.14, 0.34, 0.12, 0.08]","[0.1327, 0.2724, 0.1566, 0.2669, 0.1714]","[0.424197, 0.288577, 0.114342, 0.120059, 0.052825]",5fold_oof_dirichlet_odir_v1.0.0,1
kbb_auto_consumer_choice_2024,atlanta,brand,brand_national,5,5.44,6.514,https://mediaroom.kbb.com/2024-03-27-Kelley-Blue-Book-Announces-Winners-of-2024-Consumer-Choice-Awards,Which automotive brand is the best overall non-luxury brand based on consumer preference?,"[""Honda"", ""Dodge"", ""Lexus"", ""Mercedes-Benz"", ""Porsche""]","[0.38, 0.15, 0.2, 0.16, 0.11]","[0.3075, 0.2316, 0.1542, 0.1424, 0.1643]","[0.43745, 0.244916, 0.084907, 0.170482, 0.062245]",5fold_oof_dirichlet_odir_v1.0.0,4
bgsu_economic_sentiment_2025,columbus,policy,multiple_choice,5,4.32,10.376,,What are the three most important issues affecting you?,"[""Economy"", ""Threats to democracy"", ""Healthcare"", ""Immigration"", ""Inflation""]","[0.2545, 0.1939, 0.1879, 0.1879, 0.1758]","[0.2961, 0.1661, 0.208, 0.1077, 0.2221]","[0.377955, 0.266458, 0.25128, 0.04883, 0.055478]",5fold_oof_dirichlet_odir_v1.0.0,3
ajc_gun_laws_jan2025,atlanta,policy,policy,5,17.1,22.307,https://www.ajc.com/politics/politically-georgia/ajc-poll-georgia-voters-worry-about-shootings-but-dont-back-gun-limits/,Do you think Georgia lawmakers should pass stricter gun laws?,"[""Support stricter gun laws"", ""Somewhat support"", ""Somewhat oppose"", ""Oppose stricter gun laws"", ""Not sure""]","[0.28, 0.0, 0.0, 0.59, 0.13]","[0.2888, 0.2448, 0.1637, 0.1626, 0.1401]","[0.379036, 0.297311, 0.161335, 0.128666, 0.033652]",5fold_oof_dirichlet_odir_v1.0.0,0
ajc_ivf_access_jan2025,atlanta,policy,policy,5,9.58,4.859,https://www.ajc.com/politics/politically-georgia/ajc-poll-georgia-voters-worry-about-shootings-but-dont-back-gun-limits/,Would you support legislation that would guarantee access to in vitro fertilization (IVF) treatments?,"[""Strongly support"", ""Support"", ""Oppose"", ""Strongly oppose"", ""Not sure""]","[0.45, 0.35, 0.08, 0.04, 0.08]","[0.2877, 0.2727, 0.1505, 0.1318, 0.1573]","[0.403144, 0.327614, 0.138996, 0.102477, 0.027769]",5fold_oof_dirichlet_odir_v1.0.0,2
arc_housing_oct2025,atlanta,policy,policy,5,9.85,10.388,https://atlantaregional.org/news/research-analytics/housing-affordability-ranks-as-regions-top-concern-arcs-2025-metro-atlanta-speaks-survey-shows/,What is the biggest problem facing metro Atlanta?,"[""Housing affordability"", ""Traffic"", ""Crime"", ""Economy"", ""Other/Not sure""]","[0.28, 0.24, 0.13, 0.13, 0.22]","[0.1768, 0.156, 0.3056, 0.2008, 0.1608]","[0.213152, 0.239842, 0.349655, 0.17005, 0.027302]",5fold_oof_dirichlet_odir_v1.0.0,0
state_innovation_medicaid_jan2025,atlanta,policy,policy,5,9.65,5.784,https://stateinnovation.org/pr/poll-georgians-support-healthcare-education-housing,Do you support or oppose Georgia expanding Medicaid to cover more people?,"[""Strongly support"", ""Support"", ""Oppose"", ""Strongly oppose"", ""Not sure""]","[0.4, 0.34, 0.14, 0.08, 0.04]","[0.266, 0.2327, 0.189, 0.1856, 0.1267]","[0.325353, 0.283669, 0.205592, 0.159012, 0.026373]",5fold_oof_dirichlet_odir_v1.0.0,0
state_innovation_abortion_jan2025,atlanta,policy,policy,5,21.34,21.217,https://stateinnovation.org/pr/poll-georgians-support-healthcare-education-housing,"When someone has decided to have an abortion, should the government interfere in that decision?","[""Government should not interfere"", ""Strongly agree with non-interference"", ""Government may interfere"", ""Strongly oppose abortion access"", ""Not sure""]","[0.76, 0.0, 0.14, 0.06, 0.04]","[0.2266, 0.2164, 0.2366, 0.1917, 0.1288]","[0.24766, 0.278101, 0.268493, 0.183833, 0.021913]",5fold_oof_dirichlet_odir_v1.0.0,3
emory_gun_violence_parents_2025,atlanta,policy,policy,5,5.17,1.421,https://sph.emory.edu/news/gun-violence-now-georgia-parents-top-concern-children-emory-poll-finds,What are your top three concerns for your child?,"[""Gun violence"", ""Education/school quality"", ""Mental health"", ""Other"", ""Not sure""]","[0.33, 0.32, 0.2, 0.12, 0.03]","[0.2703, 0.275, 0.1754, 0.1439, 0.1352]","[0.356367, 0.327575, 0.177029, 0.107453, 0.031576]",5fold_oof_dirichlet_odir_v1.0.0,0
ajc_school_funding_2024,atlanta,policy,policy,5,9.54,5.792,https://gbpi.org/public-education-deserves-full-state-investment-results-of-gbpi-2024-school-district-survey/,"Should Georgia increase funding for public education, including teacher salaries and support for students in poverty?","[""Strongly support increase"", ""Support increase"", ""Oppose increase"", ""Strongly oppose increase"", ""Not sure""]","[0.52, 0.31, 0.1, 0.04, 0.03]","[0.285, 0.3064, 0.1509, 0.1329, 0.1248]","[0.375199, 0.363741, 0.126247, 0.103602, 0.031212]",5fold_oof_dirichlet_odir_v1.0.0,4
tx_gun_age_2024,dallas,policy,policy,5,10.44,9.886,https://texaspolitics.utexas.edu/blog/texas-views-abortion-economy-and-guns-february-2024-uttexas-politics-project-poll,Do you support or oppose raising the legal age to purchase any firearm from 18 years of age to 21 years of age?,"[""Strongly support"", ""Somewhat support"", ""Somewhat oppose"", ""Strongly oppose"", ""Don't know/Not sure""]","[0.52, 0.21, 0.1, 0.1, 0.07]","[0.2591, 0.2588, 0.1813, 0.1759, 0.125]","[0.317143, 0.314903, 0.172472, 0.169768, 0.025714]",5fold_oof_dirichlet_odir_v1.0.0,3
tx_background_checks_2022,dallas,policy,policy,5,13.45,12.046,https://texaspolitics.utexas.edu/set/background-checks-all-gun-purchases-june-2022,Do you favor or oppose requiring background checks on all gun purchases?,"[""Strongly favor"", ""Somewhat favor"", ""Somewhat oppose"", ""Strongly oppose"", ""Don't know""]","[0.65, 0.13, 0.06, 0.08, 0.08]","[0.3136, 0.2455, 0.1584, 0.1528, 0.1297]","[0.397604, 0.293403, 0.161966, 0.115779, 0.031248]",5fold_oof_dirichlet_odir_v1.0.0,0
tx_red_flag_2022,dallas,policy,policy,5,6.58,6.046,https://texaspolitics.utexas.edu/set/red-flag-law-support-june-2022,Do you support or oppose red flag laws that would temporarily remove firearms from individuals deemed to pose a risk to themselves or others?,"[""Strongly support"", ""Somewhat support"", ""Somewhat oppose"", ""Strongly oppose"", ""Don't know""]","[0.42, 0.24, 0.15, 0.12, 0.07]","[0.2554, 0.2591, 0.1804, 0.1805, 0.1245]","[0.313411, 0.314904, 0.168675, 0.17756, 0.025449]",5fold_oof_dirichlet_odir_v1.0.0,3
morpc_economic_development_survey_2025,columbus,directional,multiple_choice,5,6.7,17.986,,What are your perceptions of economic conditions and key economic concerns affecting the region?,"[""Housing is too expensive"", ""Lack of housing options"", ""Lack of high-paying jobs"", ""Overall shortage of jobs"", ""Optimism about job outlook""]","[0.3318, 0.1409, 0.1636, 0.1182, 0.2455]","[0.244, 0.1613, 0.2239, 0.2051, 0.1657]","[0.12213, 0.524463, 0.202353, 0.145524, 0.00553]",5fold_oof_dirichlet_odir_v1.0.0,4
us_conference_of_mayors_housing_survey_2025,columbus,directional,multiple_choice,5,19.46,18.022,,What is your expectation regarding housing affordability in your city over the next year?,"[""Worsen significantly"", ""Worsen"", ""Stay the same"", ""Improve"", ""Significantly improve""]","[0.1864, 0.8136, 0.0, 0.0, 0.0]","[0.226, 0.327, 0.1833, 0.1542, 0.1095]","[0.388459, 0.363061, 0.128868, 0.062198, 0.057414]",5fold_oof_dirichlet_odir_v1.0.0,3
osu_neighborhood_satisfaction_study_2023,columbus,directional,multiple_choice,5,25.66,27.881,,How satisfied are you with your neighborhood?,"[""Very satisfied"", ""Somewhat satisfied"", ""Neutral"", ""Somewhat dissatisfied"", ""Very dissatisfied""]","[0.82, 0.18, 0.0, 0.0, 0.0]","[0.1784, 0.3421, 0.1747, 0.1659, 0.1389]","[0.122982, 0.575267, 0.179676, 0.078384, 0.043692]",5fold_oof_dirichlet_odir_v1.0.0,0
dallas_bond_priorities_survey_2024,dallas,civic_legal,civic,5,6.58,8.397,https://dallascityhall.com/departments/bond-construction-management/Lists/DepartmentNavigation/Attachments/154/Bond%20Survey%20Report_062023_WEBSITE.pdf,What should be the highest priority for bond funding allocation?,"[""Infrastructure/Streets (evenly prioritized)"", ""Housing Projects"", ""Homeless Solutions"", ""Parks/Recreation"", ""Public Safety""]","[0.2499, 0.1981, 0.2547, 0.1673, 0.13]","[0.1592, 0.1863, 0.2581, 0.1052, 0.2912]","[0.168818, 0.161487, 0.404491, 0.227439, 0.037765]",5fold_oof_dirichlet_odir_v1.0.0,4
dallas_dart_transit_satisfaction_2024,dallas,civic_legal,civic,5,12.81,13.410,https://dartorgcmsblob.dart.org/prod/docs/default-source/about-dart/(item-18)-cust-sat-and-hispanic-ridership-study_cotw-presentation.pdf,"Overall, how satisfied are you with DART transit services?","[""Very Satisfied"", ""Satisfied"", ""Neutral"", ""Dissatisfied"", ""Very Dissatisfied""]","[0.25, 0.35, 0.2, 0.15, 0.05]","[0.1003, 0.1796, 0.2013, 0.3087, 0.2102]","[0.124321, 0.157193, 0.183224, 0.452956, 0.082305]",5fold_oof_dirichlet_odir_v1.0.0,0
dallas_city_direction_satisfaction_2024,dallas,civic_legal,civic,5,2.86,5.935,https://dallascityhall.com/government/citymanager/Documents/Council%20Materials/Community%20Survey.pdf,"Do you strongly agree, agree, are neutral, disagree, or strongly disagree with the overall direction that the City of Dallas is taking?","[""Strongly Agree"", ""Agree"", ""Neutral"", ""Disagree"", ""Strongly Disagree""]","[0.15, 0.2, 0.25, 0.25, 0.15]","[0.12, 0.2013, 0.2085, 0.2566, 0.2135]","[0.144576, 0.174053, 0.198643, 0.398365, 0.084363]",5fold_oof_dirichlet_odir_v1.0.0,0
axios_harris_poll_100_2023,columbus,brand,brand_national,5,8.65,4.417,,How would you rate the reputation of these brands?,"[""Very positive"", ""Somewhat positive"", ""Neutral"", ""Somewhat negative"", ""Very negative""]","[0.25, 0.35, 0.25, 0.1, 0.05]","[0.1707, 0.2338, 0.2293, 0.1855, 0.1807]","[0.327987, 0.277734, 0.220592, 0.091241, 0.082447]",5fold_oof_dirichlet_odir_v1.0.0,1
yougov_grocery_brand_rankings_2025,columbus,brand,brand_national,5,6.75,8.670,,Which grocery stores would you consider for your next shopping trip?,"[""Walmart"", ""Target"", ""Aldi"", ""Amazon"", ""Other""]","[0.3165, 0.2125, 0.164, 0.06, 0.247]","[0.2377, 0.1604, 0.2502, 0.1425, 0.2092]","[0.286508, 0.29816, 0.241869, 0.11322, 0.060242]",5fold_oof_dirichlet_odir_v1.0.0,4
amazon_grocery_generational_preference_2025,columbus,brand,brand_national,5,4.63,7.804,,Do you favor Amazon as your preferred grocer or retailer?,"[""Gen Z (Yes)"", ""Millennials (Yes)"", ""Gen X (Yes)"", ""Boomers (Yes)"", ""No""]","[0.258, 0.215, 0.15, 0.1, 0.277]","[0.1621, 0.1951, 0.1926, 0.1527, 0.2976]","[0.301326, 0.338616, 0.178164, 0.097007, 0.084886]",5fold_oof_dirichlet_odir_v1.0.0,4
acsi_grocery_satisfaction_2024,columbus,brand,brand_national,5,7.18,6.690,,How satisfied are you with these grocery retailers? (100-point scale),"[""Trader Joe's"", ""Publix"", ""H-E-B"", ""Other top chains"", ""Below average chains""]","[0.215, 0.21, 0.2075, 0.2, 0.1675]","[0.2045, 0.1402, 0.1082, 0.3056, 0.2415]","[0.305621, 0.263133, 0.116448, 0.223497, 0.091301]",5fold_oof_dirichlet_odir_v1.0.0,4
jd_power_retail_banking_2025,columbus,brand,brand_national,5,20.26,14.753,,Rate your satisfaction with your primary retail banking partner (1000-point scale),"[""Very satisfied"", ""Somewhat satisfied"", ""Neutral"", ""Somewhat dissatisfied"", ""Very dissatisfied""]","[0.655, 0.2, 0.075, 0.04, 0.03]","[0.1486, 0.2174, 0.1802, 0.2373, 0.2166]","[0.286182, 0.329292, 0.210484, 0.117223, 0.056818]",5fold_oof_dirichlet_odir_v1.0.0,4
us_mayors_housing_affordability_2025,columbus,directional,directional,5,14.63,21.583,,How do you expect housing affordability in your city to change in the next year?,"[""Significantly worsen"", ""Somewhat worsen"", ""Stay the same"", ""Somewhat improve"", ""Significantly improve""]","[0.118, 0.397, 0.485, 0.0, 0.0]","[0.1805, 0.3385, 0.1777, 0.1861, 0.1172]","[0.594494, 0.295477, 0.046939, 0.061843, 0.001246]",5fold_oof_dirichlet_odir_v1.0.0,4
gallup_police_confidence_2024,dallas,directional,directional,5,13.37,11.072,,How much confidence do you have in your local police?,"[""A great deal"", ""Quite a lot"", ""Some"", ""Very little"", ""None""]","[0.37, 0.37, 0.18, 0.06, 0.02]","[0.1757, 0.2301, 0.2846, 0.1799, 0.1296]","[0.177557, 0.285647, 0.249403, 0.181099, 0.106294]",5fold_oof_dirichlet_odir_v1.0.0,0
gbpi_school_funding_2024,atlanta,policy,policy,5,10.06,7.835,https://gbpi.org/public-education-deserves-full-state-investment-results-of-gbpi-2024-school-district-survey/,"Should Georgia increase funding for public education, including teacher salaries and support for students in poverty?","[""Strongly support increase"", ""Support increase"", ""Oppose increase"", ""Strongly oppose increase"", ""Not sure""]","[0.52, 0.31, 0.1, 0.04, 0.03]","[0.2684, 0.3164, 0.1568, 0.1344, 0.124]","[0.324917, 0.38258, 0.141392, 0.121898, 0.029214]",5fold_oof_dirichlet_odir_v1.0.0,3
hart_research_ohio_housing_problem_severity_aug2024,columbus,policy,policy,5,7.39,1.249,,How serious of a problem is housing affordability in your community?,"[""Very serious"", ""Somewhat serious"", ""Not too serious"", ""Not at all serious"", ""Not sure""]","[0.45, 0.3, 0.15, 0.05, 0.05]","[0.336, 0.2379, 0.1414, 0.1131, 0.1717]","[0.461471, 0.306445, 0.121218, 0.063299, 0.047568]",5fold_oof_dirichlet_odir_v1.0.0,3
tx_gun_age_2023,dallas,policy,policy,5,11.36,9.216,,Do you support or oppose raising the legal age to purchase any firearm from 18 years of age to 21 years of age?,"[""Strongly support"", ""Somewhat support"", ""Somewhat oppose"", ""Strongly oppose"", ""Don't know/Not sure""]","[0.53, 0.23, 0.09, 0.11, 0.04]","[0.2459, 0.2629, 0.1872, 0.1876, 0.1163]","[0.315465, 0.321191, 0.158962, 0.180256, 0.024125]",5fold_oof_dirichlet_odir_v1.0.0,1
quinnipiac_warnock_approval_2025,atlanta,political_approval,approval,5,2.1,3.185,,Do you approve or disapprove of the job Raphael Warnock is doing as U.S. Senator?,"[""Strongly approve"", ""Somewhat approve"", ""Somewhat disapprove"", ""Strongly disapprove"", ""No opinion/Don't know""]","[0.27, 0.22, 0.18, 0.21, 0.12]","[0.2273, 0.2263, 0.17, 0.218, 0.1583]","[0.262351, 0.148024, 0.183344, 0.217884, 0.188396]",5fold_oof_dirichlet_odir_v1.0.0,0
quinnipiac_ossoff_approval_2025,atlanta,political_approval,approval,5,2.06,3.789,,Do you approve or disapprove of the job Jon Ossoff is doing as U.S. Senator?,"[""Strongly approve"", ""Somewhat approve"", ""Somewhat disapprove"", ""Strongly disapprove"", ""No opinion/Don't know""]","[0.23, 0.19, 0.18, 0.21, 0.19]","[0.2097, 0.2414, 0.1762, 0.2003, 0.1723]","[0.299464, 0.215261, 0.169174, 0.168797, 0.147305]",5fold_oof_dirichlet_odir_v1.0.0,2
morningconsult_ossoff_approval_2025,atlanta,political_approval,approval,5,2.74,3.071,,Do you approve or disapprove of the job Jon Ossoff is doing as U.S. Senator?,"[""Strongly approve"", ""Somewhat approve"", ""Somewhat disapprove"", ""Strongly disapprove"", ""No opinion/Don't know""]","[0.28, 0.23, 0.15, 0.19, 0.15]","[0.2114, 0.2415, 0.1763, 0.2, 0.1707]","[0.289754, 0.175976, 0.176905, 0.167237, 0.190128]",5fold_oof_dirichlet_odir_v1.0.0,0
ajc_trump_policy_approval_2025,atlanta,political_approval,approval,5,6.44,9.280,,Do you approve or disapprove of President Trump's actions during his first 100 days in office?,"[""Strongly approve"", ""Somewhat approve"", ""Somewhat disapprove"", ""Strongly disapprove"", ""No opinion""]","[0.2, 0.25, 0.2, 0.35, 0.0]","[0.2096, 0.1953, 0.1743, 0.2695, 0.1513]","[0.162142, 0.127317, 0.218628, 0.278546, 0.213367]",5fold_oof_dirichlet_odir_v1.0.0,3
ajc_congress_approval_2025,atlanta,political_approval,approval,5,17.15,18.172,,Do you approve or disapprove of the job Congress is doing?,"[""Strongly approve"", ""Somewhat approve"", ""Somewhat disapprove"", ""Strongly disapprove"", ""No opinion""]","[0.04, 0.04, 0.22, 0.7, 0.0]","[0.1553, 0.2098, 0.2238, 0.2712, 0.1399]","[0.16211, 0.168154, 0.297751, 0.245703, 0.126283]",5fold_oof_dirichlet_odir_v1.0.0,2
marietta_times_healthcare_costs_mar_2026,columbus,political_approval,approval,5,9.39,7.739,,Who do you believe is primarily responsible for high healthcare costs?,"[""Insurance companies"", ""Pharmaceutical companies"", ""Hospital systems"", ""Pharmacy benefit managers"", ""Other/Unsure""]","[0.37, 0.14, 0.12, 0.06, 0.31]","[0.2443, 0.2278, 0.1832, 0.1437, 0.201]","[0.404151, 0.2538, 0.15572, 0.069797, 0.116533]",5fold_oof_dirichlet_odir_v1.0.0,4
sna_safety_concern_2023,columbus,brand,open_choice,5,11.2,11.249,https://shortnorth.org/wp-content/uploads/2024/02/Media-Deck-SNA-Market-and-Consumer-Study-Final.pdf,What is the biggest reason you might visit the Short North Arts District less often than before?,"[""Safety concerns"", ""Parking difficulty"", ""Too expensive"", ""I go out less in general"", ""Other reasons""]","[0.35, 0.15, 0.1, 0.3, 0.1]","[0.2264, 0.2699, 0.2566, 0.1435, 0.1035]","[0.371333, 0.228251, 0.281639, 0.079344, 0.039432]",5fold_oof_dirichlet_odir_v1.0.0,0
jd_power_automotive_loyalty_2024,dallas,brand,loyalty,6,2.98,4.420,,What percentage of vehicle owners choose the same brand when trading in or purchasing their next vehicle?,"[""Porsche"", ""Mercedes-Benz"", ""Lexus"", ""Toyota"", ""Honda"", ""Ford""]","[0.1628, 0.1388, 0.1705, 0.177, 0.1665, 0.1844]","[0.1147, 0.1357, 0.1325, 0.2073, 0.197, 0.2129]","[0.177014, 0.224272, 0.162533, 0.209918, 0.118416, 0.107846]",5fold_oof_dirichlet_odir_v1.0.0,2
dunnhumby_retailer_preference_index_2026,dallas,brand,preference,6,6.03,3.933,,Which grocery retailers are preferred by consumers in the U.S.?,"[""H-E-B"", ""Market Basket"", ""Woodman's"", ""Costco"", ""Aldi"", ""Trader Joe's""]","[0.3333, 0.2222, 0.1111, 0.1111, 0.1111, 0.1111]","[0.2592, 0.1197, 0.107, 0.2209, 0.1715, 0.1218]","[0.331387, 0.123775, 0.101196, 0.143256, 0.196994, 0.103392]",5fold_oof_dirichlet_odir_v1.0.0,3
columbus_grocery_market_share_2023,columbus,brand,brand_national,6,6.31,7.256,,"Market share of grocery retailers in Columbus, Ohio","[""Kroger"", ""Walmart"", ""Meijer"", ""Giant Eagle"", ""Costco"", ""Others""]","[0.389, 0.207, 0.1, 0.075, 0.05, 0.179]","[0.2937, 0.1928, 0.1564, 0.141, 0.117, 0.0992]","[0.299177, 0.195519, 0.124049, 0.109212, 0.209419, 0.062624]",5fold_oof_dirichlet_odir_v1.0.0,0
columbus_underground_best_restaurants_2025,columbus,brand,brand_national,6,5.87,4.628,,What are the best restaurants in Columbus?,"[""Top ranked restaurant"", ""Second ranked"", ""Third ranked"", ""Fourth ranked"", ""Fifth ranked"", ""Others""]","[0.25, 0.2, 0.15, 0.15, 0.1, 0.15]","[0.1501, 0.1462, 0.1448, 0.1328, 0.1631, 0.2631]","[0.201189, 0.148006, 0.176821, 0.111963, 0.118769, 0.243251]",5fold_oof_dirichlet_odir_v1.0.0,3
acsi_fast_food_satisfaction_2024,columbus,brand,brand_national,6,1.92,6.412,,Rate your satisfaction with these fast food restaurants (100-point scale),"[""Chick-fil-A"", ""KFC"", ""Culver's"", ""Panera"", ""Arby's"", ""Starbucks""]","[0.1715, 0.1674, 0.1653, 0.1653, 0.1653, 0.1653]","[0.224, 0.1726, 0.1444, 0.1619, 0.1497, 0.1474]","[0.313709, 0.217509, 0.125489, 0.112011, 0.148448, 0.082834]",5fold_oof_dirichlet_odir_v1.0.0,2
fast_food_chicken_quality_2024,columbus,brand,brand_national,6,5.02,8.503,,How would you rate the quality of chicken at these fast food restaurants? (5-point scale),"[""Chick-fil-A"", ""Shake Shack"", ""Freddy's Frozen Custard"", ""Church's Chicken"", ""KFC"", ""Burger King""]","[0.217, 0.2123, 0.2019, 0.1257, 0.1216, 0.1216]","[0.2176, 0.1483, 0.1215, 0.1416, 0.2556, 0.1154]","[0.272137, 0.172014, 0.104419, 0.079667, 0.321507, 0.050257]",5fold_oof_dirichlet_odir_v1.0.0,2
morpc_economic_development_2025,columbus,directional,directional,6,5.85,4.904,,What are your top economic concerns affecting the Columbus region?,"[""Housing is too expensive"", ""Lack of housing options"", ""Lack of high-paying jobs"", ""Overall shortage of jobs"", ""Childcare concerns"", ""Other concerns""]","[0.365, 0.155, 0.18, 0.13, 0.135, 0.035]","[0.2067, 0.148, 0.1758, 0.1842, 0.1291, 0.1562]","[0.217892, 0.178819, 0.224071, 0.169324, 0.15121, 0.058683]",5fold_oof_dirichlet_odir_v1.0.0,2
bgsu_ohio_issues_oct2025,columbus,policy,policy,6,3.74,7.066,,What are the most important issues affecting you? (Select up to three),"[""Economy"", ""Threats to democracy"", ""Healthcare"", ""Immigration"", ""Inflation"", ""Other issues""]","[0.21, 0.16, 0.155, 0.155, 0.145, 0.175]","[0.2491, 0.1685, 0.2023, 0.1163, 0.1624, 0.1014]","[0.364455, 0.143874, 0.190859, 0.04051, 0.166656, 0.093647]",5fold_oof_dirichlet_odir_v1.0.0,2
